video,case,tracker,conf,iou,frames_processed,elapsed_seconds,fps,detection_cache_hit,HOTA,MOTA,IDF1
video_1,bytetrack_c030_i050,bytetrack,0.3,0.5,600,66.92355489730835,8.965453208824265,False,26.912,17.292,25.713
video_1,botsort_c030_i050,botsort,0.3,0.5,600,78.07932114601135,7.684493041095693,True,29.46,19.811,29.354
video_1,botsort_c015_i050,botsort,0.15,0.5,600,89.97385120391846,6.6686041774531635,False,29.343,20.731,29.561
video_2,bytetrack_c030_i050,bytetrack,0.3,0.5,1050,115.84607410430908,9.063751258886585,False,,,
video_2,botsort_c030_i050,botsort,0.3,0.5,1050,138.36938381195068,7.588383868406832,True,,,
video_2,botsort_c015_i050,botsort,0.15,0.5,1050,162.98619532585144,6.4422633947665275,False,,,
video_3,bytetrack_c030_i050,bytetrack,0.3,0.5,837,54.41676902770996,15.38128806533488,False,,,
video_3,botsort_c030_i050,botsort,0.3,0.5,837,58.4977490901947,14.30824284724994,True,,,
video_3,botsort_c015_i050,botsort,0.15,0.5,837,92.60458636283875,9.038429227689736,False,,,
video_4,bytetrack_c030_i050,bytetrack,0.3,0.5,900,105.83738207817078,8.503611694923313,False,,,
video_4,botsort_c030_i050,botsort,0.3,0.5,900,108.76107454299927,8.275019383374888,True,,,
video_4,botsort_c015_i050,botsort,0.15,0.5,900,129.87804079055786,6.929577891087421,False,,,
video_5,bytetrack_c030_i050,bytetrack,0.3,0.5,750,82.53209257125854,9.087374094537187,False,,,
video_5,botsort_c030_i050,botsort,0.3,0.5,750,88.93339085578918,8.43327790364105,True,,,
video_5,botsort_c015_i050,botsort,0.15,0.5,750,110.27714920043945,6.801046322269376,False,,,
